,Streaming_platform,Title,Alternate_title,IMDb_id,adult,backdrop_path,belongs_to_collection,budget,genres,homepage,id,imdb_id,original_language,original_title,overview,popularity,poster_path,production_companies,production_countries,release_date,revenue,runtime,spoken_languages,status,status_code,status_message,tagline,title,video,vote_average,vote_count
0,HBO,Game of Thrones,[],0944947,,,,,,,,,,,,,,,,,,,,,34.0,The resource you requested could not be found.,,,,,
1,HBO,Westworld,[],0475784,True,/5feDVQEHF0Tt8lmUwKTVgeDhDWX.jpg,,0.0,[],,475784.0,tt1102170,en,Ashlynn & Friends,"Our main girl, Ashlynn Brooke, is in the hizzy and about to get real fuckin' busy! But this time, she's brought along a few friends for a romping good time that you will never forget. Watch Richelle Ryan, Rachel Milan, and Riley Evans get ripped & ravaged, while Rebeca Linares gets a big throbbing pole shoved in her super tight asshole. And don't forget the finale, because Ashlynn gets caught with her pussy stuffed full of cock. So don't miss out, because it's Ashlynn & friends, and it's going to be one hell of a night!",0.6,/rA9GCmZj22yaOT1FJWk40ygrVFg.jpg,"[{'id': 6121, 'logo_path': None, 'name': 'Digital Sin', 'origin_country': ''}]","[{'iso_3166_1': 'US', 'name': 'United States of America'}]",2007-09-11,0.0,127.0,"[{'iso_639_1': 'en', 'name': 'English'}]",Released,,,,Ashlynn & Friends,False,0.0,0.0
2,HBO,Silicon Valley,[],2575988,,,,,,,,,,,,,,,,,,,,,34.0,The resource you requested could not be found.,,,,,
3,HBO,Barry,[],5348176,,,,,,,,,,,,,,,,,,,,,34.0,The resource you requested could not be found.,,,,,
4,HBO,The Sopranos,[],0141842,,,,,,,,,,,,,,,,,,,,,34.0,The resource you requested could not be found.,,,,,
5,HBO,True Detective,[],2356777,,,,,,,,,,,,,,,,,,,,,34.0,The resource you requested could not be found.,,,,,
6,HBO,The Wire,[],0306414,False,,,0.0,"[{'id': 10749, 'name': 'Romance'}, {'id': 80, 'name': 'Crime'}, {'id': 18, 'name': 'Drama'}]",,306414.0,tt0357809,hi,जनता हवलदार,"Film starring Rajesh Khanna, Ashok Kumar and Yogeeta Bali",0.6,,[],"[{'iso_3166_1': 'IN', 'name': 'India'}]",1979-01-01,0.0,,"[{'iso_639_1': 'hi', 'name': 'हिन्दी'}]",Released,,,,Janta Hawaldar,False,0.0,0.0
7,HBO,True Blood,[u'A Drop of True Blood'],0844441,,,,,,,,,,,,,,,,,,,,,34.0,The resource you requested could not be found.,,,,,
8,HBO,Sex and the City,[u'SATC'],0159206,,,,,,,,,,,,,,,,,,,,,34.0,The resource you requested could not be found.,,,,,
9,HBO,Ballers,[],2891574,,,,,,,,,,,,,,,,,,,,,34.0,The resource you requested could not be found.,,,,,
10,HBO,Boardwalk Empire,[u'Crew of Boardwalk Empire'],0979432,,,,,,,,,,,,,,,,,,,,,34.0,The resource you requested could not be found.,,,,,
11,HBO,Deadwood,[],0348914,,,,,,,,,,,,,,,,,,,,,34.0,The resource you requested could not be found.,,,,,
12,HBO,The Leftovers,[],2699128,,,,,,,,,,,,,,,,,,,,,34.0,The resource you requested could not be found.,,,,,
13,HBO,Curb Your Enthusiasm,[],0264235,False,,,0.0,"[{'id': 18, 'name': 'Drama'}]",,264235.0,tt0043477,de,Dr. Holl,,0.841,/nW4q763mJW5B1zslidUnDmvGyMu.jpg,[],"[{'iso_3166_1': 'DE', 'name': 'Germany'}]",1951-03-23,0.0,,[],Released,,,,Dr. Holl,False,0.0,0.0
14,HBO,Rome,[],0384766,False,/sDzlm6QnbS4G5KLJP3aVrgAJqVK.jpg,,0.0,"[{'id': 53, 'name': 'Thriller'}, {'id': 27, 'name': 'Horror'}, {'id': 10751, 'name': 'Family'}, {'id': 9648, 'name': 'Mystery'}]",,384766.0,tt5500308,cn,上身,"Sharon is a noted psychiatrist whose material ambition has turned her into a neglectful mother. But once her daughter Jenny develops seriously nutty behaviour – and ghostly sightings begin to plague their spacious mansion – Sharon loses her grips on reality, eventually turning to a Catholic priest/exorcist for help.",0.912,/2f2uPwORSrXJSceeaVfZXfKo47K.jpg,[],"[{'iso_3166_1': 'HK', 'name': 'Hong Kong'}]",2015-11-19,0.0,86.0,"[{'iso_639_1': 'cn', 'name': '广州话 / 廣州話'}]",Released,,,,Daughter,False,9.0,2.0
15,HBO,Entourage,[],0387199,False,,,0.0,"[{'id': 99, 'name': 'Documentary'}]",,387199.0,,fr,Baba de Barcelone,,0.6,/5zsIIE48i8eHFBiWH34hVaX5vOw.jpg,[],[],2011-10-25,0.0,,[],Released,,,,Baba de Barcelone,False,0.0,0.0
16,HBO,Girls,[],1723816,,,,,,,,,,,,,,,,,,,,,34.0,The resource you requested could not be found.,,,,,
17,HBO,OZ,[u'Oz - S01 - E01 - The Routine'],0118421,,,,,,,,,,,,,,,,,,,,,34.0,The resource you requested could not be found.,,,,,
18,HBO,Last Week Tonight with John Oliver,[],3530232,,,,,,,,,,,,,,,,,,,,,34.0,The resource you requested could not be found.,,,,,
19,HBO,Six Feet Under,[],0248654,False,/quwB39iqIfQjvOSyIV7bQ2hYAEH.jpg,,0.0,"[{'id': 28, 'name': 'Action'}, {'id': 36, 'name': 'History'}]",,248654.0,tt1279930,en,Caligula's Spawn,The beautiful and dangerous slave trader Druscilla practises all the customs of Ancient Rome - everything in Excess. But even excess can have its limits and the punishments can be very severe if she crosses the line with Flavius and risks falling out of favor.,1.4,/3fu613j5j7Zbm93YHaPVsmFQlZv.jpg,[],"[{'iso_3166_1': 'CZ', 'name': 'Czech Republic'}]",2009-09-07,0.0,84.0,[],Released,,,,Caligula's Spawn,False,4.3,3.0
20,HBO,Veep,[],1759761,,,,,,,,,,,,,,,,,,,,,34.0,The resource you requested could not be found.,,,,,
21,HBO,The Larry Sanders Show,[],0103466,,,,,,,,,,,,,,,,,,,,,34.0,The resource you requested could not be found.,,,,,
22,HBO,Divorce,[u'Divorce (2016)'],4304864,,,,,,,,,,,,,,,,,,,,,34.0,The resource you requested could not be found.,,,,,
23,HBO,High Maintenance (2016),[u'High Maintenance'],6078096,,,,,,,,,,,,,,,,,,,,,34.0,The resource you requested could not be found.,,,,,
24,HBO,The Newsroom,"[u'The Newsroom (2012)', u'Newsroom']",1870479,,,,,,,,,,,,,,,,,,,,,34.0,The resource you requested could not be found.,,,,,
25,HBO,Eastbound & Down,[u'Eastbound and Down'],0866442,,,,,,,,,,,,,,,,,,,,,34.0,The resource you requested could not be found.,,,,,
26,HBO,The Young Pope,[],3655448,,,,,,,,,,,,,,,,,,,,,34.0,The resource you requested could not be found.,,,,,
27,HBO,Vice Principals,[],3766376,,,,,,,,,,,,,,,,,,,,,34.0,The resource you requested could not be found.,,,,,
28,HBO,Mosaic,[],5056958,,,,,,,,,,,,,,,,,,,,,34.0,The resource you requested could not be found.,,,,,
29,HBO,Big Love,[],0421030,False,,,0.0,"[{'id': 10752, 'name': 'War'}, {'id': 53, 'name': 'Thriller'}]",http://before-thefall.com/,421030.0,tt4239814,km,Before the Fall,"Cambodia 1975: The capital Phnom Penh is a city under siege. Only the presence of the last remaining US troops is keeping Khmer Rouge guerrilla forces from overrunning the town's fragile defenses. Inside this dark, dystopian setting a stunning nightclub singer engages in a battle of wits and deception with two lovers in a bid to escape the doomed metropolis.",0.6,/5J80nBl17HOcsmfjMgokpkm3Uqn.jpg,"[{'id': 84270, 'logo_path': None, 'name': 'Rock Production', 'origin_country': ''}]","[{'iso_3166_1': 'AU', 'name': 'Australia'}, {'iso_3166_1': 'KH', 'name': 'Cambodia'}, {'iso_3166_1': 'SG', 'name': 'Singapore'}]",2015-01-02,0.0,98.0,"[{'iso_639_1': 'en', 'name': 'English'}, {'iso_639_1': 'fr', 'name': 'Français'}, {'iso_639_1': 'km', 'name': ''}]",Released,,,Three days in a city under siege - Who will survive?,Before the Fall,False,1.0,1.0
30,HBO,Carnivale,[u'Carniv\xe0le'],0319969,False,,,0.0,[],,319969.0,tt0484410,en,Brooklyn's Bridge To Jordan,"Fimmaker Tina Mabry's short drama about a woman who loses her life partner in a tragic accident, then must rebuild her fractured relationship with her estranged teenage son. Fylicia Renee King, Shenita Moore and Winslow Taylor star.",0.6,,[],[],,0.0,,[],Released,,,,Brooklyn's Bridge To Jordan,False,0.0,0.0
31,HBO,Flight Of The Conchords,[u'The Flight of the Conchords'],0863046,,,,,,,,,,,,,,,,,,,,,34.0,The resource you requested could not be found.,,,,,
32,HBO,Hung,[],1229413,,,,,,,,,,,,,,,,,,,,,34.0,The resource you requested could not be found.,,,,,
33,HBO,Extras,[],0445114,False,,,0.0,[],,445114.0,tt0042013,en,La valse de Paris,A fictitious biography of Jacques Offenbach and Hortense Schneider.,0.6,/y22fZcVY4xaIf1Wsp5234JgFYe8.jpg,[],[],1950-05-04,0.0,92.0,"[{'iso_639_1': 'fr', 'name': 'Français'}]",Released,,,,La valse de Paris,False,0.0,0.0
34,HBO,Camelot,[],1672189,,,,,,,,,,,,,,,,,,,,,34.0,The resource you requested could not be found.,,,,,
35,HBO,Room 104,[],6064882,,,,,,,,,,,,,,,,,,,,,34.0,The resource you requested could not be found.,,,,,
36,HBO,Vinyl,[],3186130,,,,,,,,,,,,,,,,,,,,,34.0,The resource you requested could not be found.,,,,,
37,HBO,Get Smart,[],0058805,,,,,,,,,,,,,,,,,,,,,34.0,The resource you requested could not be found.,,,,,
38,HBO,Treme,[],1279972,,,,,,,,,,,,,,,,,,,,,34.0,The resource you requested could not be found.,,,,,
39,HBO,Looking,[],2581458,,,,,,,,,,,,,,,,,,,,,34.0,The resource you requested could not be found.,,,,,
40,HBO,Real Time with Bill Maher,[],0350448,,,,,,,,,,,,,,,,,,,,,34.0,The resource you requested could not be found.,,,,,
41,HBO,Fraggle Rock,[],0085017,,,,,,,,,,,,,,,,,,,,,34.0,The resource you requested could not be found.,,,,,
42,HBO,Bored to Death,[],1255913,,,,,,,,,,,,,,,,,,,,,34.0,The resource you requested could not be found.,,,,,
43,HBO,Animals,[u'Animals.'],4953128,,,,,,,,,,,,,,,,,,,,,34.0,The resource you requested could not be found.,,,,,
44,HBO,The Kids in the Hall,[],0096626,False,/qfJh7ex6OetOmcARH2BscAsjlYF.jpg,,0.0,[],,96626.0,tt1548552,es,E.S.O (Entitat Sobrenatural Oculta),"In a secondary school, a group of students (Maria, Sonia, Paula, Pol and Esteban) form a tight-knit bunch. Axia, a girl obsessed with supernatural issues, leaving them mesmerized and included in the group. For the 50th anniversary of the center, start some work on improving the facilities. Laura, the tutor of the course offers students a work of the institute history. As they investigate they discover that, during the Civil War, there were tunnels collapsed, leaving people buried who were hiding there, including several children. According to information obtained on the Internet, people are buried ""appear"" killing. Are the ""E.S.O. (Hidden supernatural entities ""). When they decide to enter the tunnel adventure turns into a nightmare.",1.2,/pFI7ndaAqHw3oA4QphiHlIPfm3u.jpg,[],"[{'iso_3166_1': 'ES', 'name': 'Spain'}]",2010-04-23,0.0,84.0,"[{'iso_639_1': 'ca', 'name': 'Català'}, {'iso_639_1': 'es', 'name': 'Español'}]",Released,,,,E.S.O (Entitat Sobrenatural Oculta),False,3.0,2.0
45,HBO,In Treatment,[],0835434,,,,,,,,,,,,,,,,,,,,,34.0,The resource you requested could not be found.,,,,,
46,HBO,Tell Me You Love Me,[],0809497,,,,,,,,,,,,,,,,,,,,,34.0,The resource you requested could not be found.,,,,,
47,HBO,Togetherness,[],3061830,,,,,,,,,,,,,,,,,,,,,34.0,The resource you requested could not be found.,,,,,
48,HBO,The Comeback,[],0434672,,,,,,,,,,,,,,,,,,,,,34.0,The resource you requested could not be found.,,,,,
49,HBO,Summer Heights High,[],0934320,,,,,,,,,,,,,,,,,,,,,34.0,The resource you requested could not be found.,,,,,
50,HBO,The Adventures of Tintin,[u'Adventures of Tintin'],0179552,False,,,0.0,[],,179552.0,tt0792058,en,Joshua and the Battle of Jericho,"From Hanna-Barbera's animated series depicting the tales of the bible, ""Joshua and the Battle of Jericho"" tells the tale of Joshua's leadership and determination to follow his God. The story demonstrates Joshua leading the Hebrews through a battle with the Canaanites, who built a wall to prevent them from passing through to the Promised Land.",0.631,/dY1PulYp8zUUx521PgMbIwzerxQ.jpg,[],[],1986-01-01,0.0,,[],Released,,,,Joshua and the Battle of Jericho,False,0.0,0.0
51,HBO,Mr. Show with Bob and David,"[u'Mr. Show with Bob & David', u'Mr. Show']",0112084,False,/otiNwCSXD8ZjXijtMsSbXAXMZpf.jpg,,0.0,[],,112084.0,tt2145623,tr,Bu Son Olsun,,0.6,/xjtlRRGOhTwEr0oSW6nPhQJGhRT.jpg,[],"[{'iso_3166_1': 'TR', 'name': 'Turkey'}]",2012-01-01,0.0,,"[{'iso_639_1': 'tr', 'name': 'Türkçe'}]",Released,,,,Bu Son Olsun,False,9.0,2.0
52,HBO,Todd McFarlane's Spawn,[u'Spawn'],0118475,False,,,0.0,"[{'id': 10751, 'name': 'Family'}]",http://www.ncircleentertainment.com/wordworld-get-up-and-move/843501007440,118475.0,,en,WordWorld: Get Up and Move,"Sheep's First Bike Ride: Bear and Sheep learn to build the word bike but it takes some perseverance for Sheep to learn how to ride this new WordThing! Duck at Bat: Duck loses the letter B from his baseball bat jut before the big game. He tries to build other words to hit the ball - Mat, Hat - but it's going to take a B to hit a homerun! Dog's Having a Party!: Dog and Duck want to throw a party at Dog's house. With the help of Sheep, they learn that H is the perfect party letter! They can make hotdogs, hats, horns and hula hoops. Hurray! Think in the Rink: Duck and Dog want to join Sheep and Frog in their ice skating show, but the enthusiastic duo gets carried away and breaks the ice skating rink. Will the WordFriends think up a good solution to the problem before the show begins?",0.6,/9jHVBWTNSMx8ex7LloXrprIMYh6.jpg,[],[],2011-02-01,0.0,60.0,[],Released,,,,WordWorld: Get Up and Move,False,0.0,0.0
53,HBO,Enlightened,[],1509004,,,,,,,,,,,,,,,,,,,,,34.0,The resource you requested could not be found.,,,,,
54,HBO,Hello Ladies,[],2378794,,,,,,,,,,,,,,,,,,,,,34.0,The resource you requested could not be found.,,,,,
55,HBO,Life's Too Short,[],1641247,,,,,,,,,,,,,,,,,,,,,34.0,The resource you requested could not be found.,,,,,
56,HBO,The Brink,[],3216586,,,,,,,,,,,,,,,,,,,,,34.0,The resource you requested could not be found.,,,,,
57,HBO,The Ricky Gervais Show,[],1553644,,,,,,,,,,,,,,,,,,,,,34.0,The resource you requested could not be found.,,,,,
58,HBO,Ja'mie: Private School Girl,[],3173854,,,,,,,,,,,,,,,,,,,,,34.0,The resource you requested could not be found.,,,,,
59,HBO,Vice (HBO),[u'VICE'],2782710,,,,,,,,,,,,,,,,,,,,,34.0,The resource you requested could not be found.,,,,,
60,HBO,How to Make It in America,[],1299365,,,,,,,,,,,,,,,,,,,,,34.0,The resource you requested could not be found.,,,,,
61,HBO,Luck,[],1578887,,,,,,,,,,,,,,,,,,,,,34.0,The resource you requested could not be found.,,,,,
62,HBO,Intelligence,[],0845746,,,,,,,,,,,,,,,,,,,,,34.0,The resource you requested could not be found.,,,,,
63,HBO,Getting On,[u'Getting On (US)'],2342652,,,,,,,,,,,,,,,,,,,,,34.0,The resource you requested could not be found.,,,,,
64,HBO,Doll & Em,[],2561882,,,,,,,,,,,,,,,,,,,,,34.0,The resource you requested could not be found.,,,,,
65,HBO,Jim Henson's the Storyteller,"[u""Jim Henson's The Storyteller: Greek Myths"", u'The Storyteller', u'The Storyteller: Greek Myths']",0092383,False,/n8itc8HoSzDmE729NtxCdSaEY3z.jpg,,0.0,"[{'id': 35, 'name': 'Comedy'}]",,92383.0,tt0095832,en,Pass the Ammo,"A corrupt television preacher and his congregation are held hostage by a woman, her lover, and her two cousins in an attempt to avenge the theft of her inheritance. A quirky look at the dishonesty of the televangelist industry.",1.179,/1SzHqOXtaQXKYmwged4x31fwrQa.jpg,"[{'id': 4535, 'logo_path': None, 'name': 'Vista Organization', 'origin_country': ''}]","[{'iso_3166_1': 'US', 'name': 'United States of America'}]",1988-03-04,169785.0,93.0,[],Released,,,The comedy you've been praying for.,Pass the Ammo,False,4.0,1.0
66,HBO,Happily Ever After: Fairy Tales For Every Child,[],0111996,,,,,,,,,,,,,,,,,,,,,34.0,The resource you requested could not be found.,,,,,
67,HBO,Angry Boys,[],1596589,,,,,,,,,,,,,,,,,,,,,34.0,The resource you requested could not be found.,,,,,
68,HBO,The No. 1 Ladies' Detective Agency,[u'The No. 1 Ladies Detective Agency'],1356380,,,,,,,,,,,,,,,,,,,,,34.0,The resource you requested could not be found.,,,,,
69,HBO,Family Tree,[],2340036,,,,,,,,,,,,,,,,,,,,,34.0,The resource you requested could not be found.,,,,,
70,HBO,John From Cincinnati,[],0814164,,,,,,,,,,,,,,,,,,,,,34.0,The resource you requested could not be found.,,,,,
71,HBO,Lucky Louie,[],0460619,,,,,,,,,,,,,,,,,,,,,34.0,The resource you requested could not be found.,,,,,
72,HBO,Da Ali G Show,[],0241088,False,/jl4v9nzfBCZjVTvbYIAZY1yReI2.jpg,,0.0,"[{'id': 99, 'name': 'Documentary'}]",,241088.0,,de,Mister Katzeklo – Helge Schneider wird 50,,0.6,,"[{'id': 46, 'logo_path': '/3xFdKHLXPGHEbrAkmsepGE8974Y.png', 'name': 'Westdeutscher Rundfunk', 'origin_country': 'DE'}]","[{'iso_3166_1': 'DE', 'name': 'Germany'}]",2012-10-19,0.0,,[],Released,,,,Mister Katzeklo – Helge Schneider wird 50,False,0.0,0.0
73,HBO,Little Britain USA,[],0936458,,,,,,,,,,,,,,,,,,,,,34.0,The resource you requested could not be found.,,,,,
74,HBO,The Life & Times of Tim,[u'The Life and Times of Tim'],0950701,,,,,,,,,,,,,,,,,,,,,34.0,The resource you requested could not be found.,,,,,
75,HBO,Profugos,[],1941928,,,,,,,,,,,,,,,,,,,,,34.0,The resource you requested could not be found.,,,,,
76,HBO,Funny or Die Presents,[u'Funny or Die Presents...'],1556078,,,,,,,,,,,,,,,,,,,,,34.0,The resource you requested could not be found.,,,,,
77,HBO,Project Greenlight,[],0299368,False,,,0.0,"[{'id': 80, 'name': 'Crime'}]",,299368.0,tt0136581,de,Der Täter ist unter uns,,0.6,,[],"[{'iso_3166_1': 'DE', 'name': 'Germany'}]",1944-05-27,0.0,,[],Released,,,,Der Täter ist unter uns,False,0.0,0.0
78,HBO,We Can Be Heroes,"[u'We Can Be Heroes: Finding The Australian of the Year', u'The Nominees']",0425674,False,,,0.0,"[{'id': 16, 'name': 'Animation'}, {'id': 10751, 'name': 'Family'}]",,425674.0,tt4469850,en,Arlo: The Burping Pig,"A 7-year-old girl befriends a teacup pig named Arlo, voiced by Drake Bell.",1.555,/7bkBy1IRf1uDqoV833HSzaU09AZ.jpg,[],"[{'iso_3166_1': 'US', 'name': 'United States of America'}]",2016-11-15,0.0,80.0,[],Released,,,,Arlo: The Burping Pig,False,6.0,5.0
79,HBO,Crashbox,[],0321777,False,,,0.0,[],,321777.0,tt3835100,en,"Na afloop der kindervoorstelling in den Circus Carré, 13 september","Short film of the audience leaving the afternoon show at Circus Carré. | In the early years of film, shots of visitors after a performance, churchgoers after a service, or workers leaving the factory were a proven success. Often the images were shown only a few days after they had been shot. These screenings attracted many curious viewers who enjoyed looking for images of themselves, of relatives, or acquaintances.",0.6,,[],[],1899-01-28,0.0,1.0,[],Released,,,,"After the Children's Fair in the Circus Carré, 13 September",False,5.0,1.0
80,HBO,Capadocia,[],1068899,,,,,,,,,,,,,,,,,,,,,34.0,The resource you requested could not be found.,,,,,
81,HBO,The Chris Rock Show,[],0118285,False,/1t677LGPKC1Ly5zLSsz3Lp355c.jpg,"{'id': 256374, 'name': 'Zero Woman Collection', 'poster_path': '/5cMurF48jK1kiuVqTO9QA8XKyVI.jpg', 'backdrop_path': None}",0.0,"[{'id': 18, 'name': 'Drama'}, {'id': 28, 'name': 'Action'}]",http://www.takeshobo.co.jp/sp/zerowomanr/,118285.0,tt2199733,ja,Zero WOMAN R 警視庁0課の女／欲望の代償,A mysterious female spy is recruited to infiltrate the Japanese underworld and gather evidence for a clandestine secretive branch of the Tokyo Police Department.,1.202,/taVWPPj2zQCPwjW1FTIIqktBPrc.jpg,"[{'id': 12452, 'logo_path': None, 'name': 'Take Shobo Company', 'origin_country': ''}, {'id': 2513, 'logo_path': None, 'name': 'Cinema Epoch', 'origin_country': ''}]","[{'iso_3166_1': 'JP', 'name': 'Japan'}]",2007-05-26,0.0,73.0,"[{'iso_639_1': 'ja', 'name': '日本語'}]",Released,,,She's back with a vengeance!,Zero Woman R,False,1.0,1.0
82,HBO,Sr. Avila,[u'Sr. \xc1vila'],2280066,,,,,,,,,,,,,,,,,,,,,34.0,The resource you requested could not be found.,,,,,
83,HBO,El Jardin de Bronce (The Bronze Garden),"[u'El jard\xedn de bronce', u'The Bronze Garden']",7048386,,,,,,,,,,,,,,,,,,,,,34.0,The resource you requested could not be found.,,,,,
84,HBO,The Neistat Brothers,[],1666727,,,,,,,,,,,,,,,,,,,,,34.0,The resource you requested could not be found.,,,,,
85,HBO,VICE News Tonight,[],6329790,,,,,,,,,,,,,,,,,,,,,34.0,The resource you requested could not be found.,,,,,
86,HBO,HBO First Look,[],0318220,False,,,0.0,[],,318220.0,,en,Beautiful Fish of the Kelp Forest,"A group of lucky children journeys beneath the sea for an up-close and personal look at a majestic kelp forest, full of a ton of wondrous and fascinating sea critters including garibaldi fish, eels, starfish, lobsters and more. As we view these remarkable underwater creatures in their natural habitats, experts explain the ins and outs of this delicate and beautiful ecosystem and reveal how these diverse species sustain life.",0.6,,[],[],2004-03-23,0.0,,[],Released,,,,Beautiful Fish of the Kelp Forest,False,0.0,0.0
87,HBO,Magnifica '70,[u'Magnifica 70'],4725820,,,,,,,,,,,,,,,,,,,,,34.0,The resource you requested could not be found.,,,,,
88,HBO,Alice (2009),[u'Alice (2008)'],1447826,,,,,,,,,,,,,,,,,,,,,34.0,The resource you requested could not be found.,,,,,
89,HBO,Psi,[],3637900,,,,,,,,,,,,,,,,,,,,,34.0,The resource you requested could not be found.,,,,,
90,HBO,Neverending Story,[u'The Neverending Story'],0115406,False,,,0.0,"[{'id': 80, 'name': 'Crime'}, {'id': 18, 'name': 'Drama'}]",,115406.0,tt0054770,en,The Crimebusters,"Government agents hunt America's most dangerous crooks. Based on the ""Cain's Hundred"" TV series.",0.871,/gej2gB3mYVHdgi4hgTWu25y4oNg.jpg,"[{'id': 21, 'logo_path': '/mjofSXiHpG5t6KYmU4l4FrUhT7m.png', 'name': 'Metro-Goldwyn-Mayer', 'origin_country': 'US'}]","[{'iso_3166_1': 'US', 'name': 'United States of America'}]",1961-01-01,0.0,88.0,"[{'iso_639_1': 'en', 'name': 'English'}]",Released,,,,The Crimebusters,False,6.5,1.0
91,HBO,Epitafios,[],0423646,False,/en4eaSgqL18UYIRSp86fSi4iZvL.jpg,,0.0,"[{'id': 18, 'name': 'Drama'}, {'id': 80, 'name': 'Crime'}]",https://www.inthefadefilm.com/,423646.0,tt5723272,de,Aus dem Nichts,"Katja's life collapses after a senseless act impacts her. After a time of mourning and injustice, she seeks revenge.",8.988,/qaLbKxjHaOkY7lT6jmsS1lsRocy.jpg,"[{'id': 54306, 'logo_path': None, 'name': 'Bombero International', 'origin_country': ''}, {'id': 88902, 'logo_path': None, 'name': 'Macassar Productions', 'origin_country': 'FR'}, {'id': 200, 'logo_path': None, 'name': 'Corazón International', 'origin_country': ''}, {'id': 7981, 'logo_path': '/6Yv1gIAuGkHS5Vis4UjnqHhCPWV.png', 'name': 'Pathé!', 'origin_country': 'FR'}, {'id': 174, 'logo_path': '/ky0xOc5OrhzkZ1N6KyUxacfQsCk.png', 'name': 'Warner Bros. Pictures', 'origin_country': 'US'}]","[{'iso_3166_1': 'FR', 'name': 'France'}, {'iso_3166_1': 'DE', 'name': 'Germany'}]",2017-11-23,321011.0,106.0,"[{'iso_639_1': 'en', 'name': 'English'}, {'iso_639_1': 'de', 'name': 'Deutsch'}, {'iso_639_1': 'el', 'name': 'ελληνικά'}]",Released,,,,In the Fade,False,7.0,402.0
92,HBO,Real Sports With Bryant Gumbel,[],0290369,False,,,0.0,"[{'id': 35, 'name': 'Comedy'}]",,290369.0,tt1201087,en,Mang Kepweng,a film by F.H. Constantino.,0.84,/p6sJYhqlGf0cPwHDjG9SphAObbF.jpg,[],"[{'iso_3166_1': 'PH', 'name': 'Philippines'}]",1979-09-14,0.0,,[],Released,,,,Mang Kepweng,False,0.0,0.0
93,HBO,Down and Dirty With Jim Norton,[],1239394,,,,,,,,,,,,,,,,,,,,,34.0,The resource you requested could not be found.,,,,,
94,HBO,Dane Cook's Tourgasm,[u'Tourgasm'],0785062,,,,,,,,,,,,,,,,,,,,,34.0,The resource you requested could not be found.,,,,,
95,HBO,The Alzheimer's Project,[],1432143,,,,,,,,,,,,,,,,,,,,,34.0,The resource you requested could not be found.,,,,,
96,HBO,Russell Simmons: Brave New Voices,[u'Russell Simmons Presents Brave New Voices'],1403951,,,,,,,,,,,,,,,,,,,,,34.0,The resource you requested could not be found.,,,,,
97,HBO,HBO Storybook Musicals,[],2738036,,,,,,,,,,,,,,,,,,,,,34.0,The resource you requested could not be found.,,,,,
98,HBO,The Shop,[],8755712,,,,,,,,,,,,,,,,,,,,,34.0,The resource you requested could not be found.,,,,,
99,HBO,Band of Brothers,[],0185906,False,,,0.0,[],,185906.0,tt0046687,pt,Agora é que são Elas,,0.6,/jCN1zqUOFqhvCFoMlb5IYsgqRTm.jpg,[],[],1954-09-28,0.0,,[],Released,,,,Agora é que são Elas,False,0.0,0.0
100,HBO,24/7,[],nan,,,,,,,,,,,,,,,,,,,,,34.0,The resource you requested could not be found.,,,,,
101,HBO,When the Levees Broke,[u'When the Levees Broke: A Requiem in Four Acts'],0783612,,,,,,,,,,,,,,,,,,,,,34.0,The resource you requested could not be found.,,,,,
102,HBO,Generation Kill,[],0995832,,,,,,,,,,,,,,,,,,,,,34.0,The resource you requested could not be found.,,,,,
103,HBO,The Pacific,"[u'\u05d0\u05d5\u05e7\u05d9\u05e0\u05d5\u05e1 \u05dc\u05d0 \u05e9\u05e7\u05d8', u'Pacific, The']",0374463,,,,,,,,,,,,,,,,,,,,,34.0,The resource you requested could not be found.,,,,,
104,HBO,John Adams,[],0472027,False,/bUQGT4xJib43OrnpmNzgrGaLWJM.jpg,"{'id': 248534, 'name': 'Batman: The Dark Knight Returns Collection', 'poster_path': '/lvjiiFOKska8o4qGbOpdvYBsJQ0.jpg', 'backdrop_path': '/yCXuvuBUL2tFHXiSQkVSDWp1WIz.jpg'}",0.0,"[{'id': 16, 'name': 'Animation'}, {'id': 28, 'name': 'Action'}]",,472027.0,,en,Batman: The Dark Knight Returns (Deluxe Edition),"Batman has not been seen for ten years. A new breed of criminal ravages Gotham City, forcing fifty-five-year-old Bruce Wayne back into the cape and cowl, but does he still have what it takes to fight crime in a new era?",1.524,/5wtf0fmaq4eBXVlQb4FaVMqf5Yb.jpg,"[{'id': 2785, 'logo_path': '/l5zW8jjmQOCx2dFmvnmbYmqoBmL.png', 'name': 'Warner Bros. Animation', 'origin_country': 'US'}, {'id': 4811, 'logo_path': '/7xym5CnL4LcMPaWpp51cN1v73AR.png', 'name': 'Warner Premiere', 'origin_country': ''}, {'id': 9993, 'logo_path': '/2Tc1P3Ac8M479naPp1kYT3izLS5.png', 'name': 'DC Entertainment', 'origin_country': 'US'}, {'id': 429, 'logo_path': '/2Tc1P3Ac8M479naPp1kYT3izLS5.png', 'name': 'DC Comics', 'origin_country': 'US'}]",[],2013-10-08,0.0,148.0,"[{'iso_639_1': 'en', 'name': 'English'}]",Released,,,"From the chronicles of the DC Universe comes the sweeping saga of rebirth, revenge, and redemption.",Batman: The Dark Knight Returns (Deluxe Edition),False,8.5,31.0
105,HBO,Harold and the Purple Crayon,[],0283735,False,,,0.0,[],,283735.0,,en,Biography: Jane Austen,From her brief life to her place in the literary canon BIOGRAPHY® draws on interviews with experts and Austen's own words to tell her unique tale.System,0.6,/vZfxdlzUUT5zJAF17f3TXjG37Xq.jpg,[],[],2004-10-19,0.0,50.0,[],Released,,,,Biography: Jane Austen,True,0.0,0.0
106,HBO,Mildred Pierce,[],1492030,,,,,,,,,,,,,,,,,,,,,34.0,The resource you requested could not be found.,,,,,
107,HBO,Russell Simmons' Def Comedy Jam,[],nan,,,,,,,,,,,,,,,,,,,,,34.0,The resource you requested could not be found.,,,,,
108,HBO,One Night Stand,[],0473591,False,,,0.0,"[{'id': 99, 'name': 'Documentary'}]",,473591.0,,ar,Nightfall,"The Palestine Liberation Organization (PLO) student brigade included leftist students from Lebanon who mobilized around the struggle for the liberation of Palestine in the early 1970s. With the departure of the PLO’s armed forces from Lebanon after the Israeli siege of Beirut in 1982, the brigade was disbanded. Mohamed Soueid was part of the group, and as the Lebanese civil war ended, he decided to film them and revisit their shared sites of memory, drawing a raspy-voiced portrait of defeated militants infused with poetry and generously doused in alcohol.",0.6,,[],[],2000-01-01,0.0,80.0,"[{'iso_639_1': 'ar', 'name': 'العربية'}]",Released,,,,Nightfall,False,0.0,0.0
109,HBO,Five Days,[],0840094,,,,,,,,,,,,,,,,,,,,,34.0,The resource you requested could not be found.,,,,,
110,HBO,HBO Boxing,[],nan,,,,,,,,,,,,,,,,,,,,,34.0,The resource you requested could not be found.,,,,,
111,HBO,Ali's Greatest Fights,[],nan,,,,,,,,,,,,,,,,,,,,,34.0,The resource you requested could not be found.,,,,,
112,HBO,Russell Simmons Presents Def Poetry,[],nan,,,,,,,,,,,,,,,,,,,,,34.0,The resource you requested could not be found.,,,,,
113,HBO,A Little Curious,[],nan,,,,,,,,,,,,,,,,,,,,,34.0,The resource you requested could not be found.,,,,,
114,HBO,HBO Comedy Half-Hour,[u'HBO Comedy Half Hour'],0251512,,,,,,,,,,,,,,,,,,,,,34.0,The resource you requested could not be found.,,,,,
115,HBO,Kindergarten,[],0787383,,,,,,,,,,,,,,,,,,,,,34.0,The resource you requested could not be found.,,,,,
116,HBO,P. Diddy Presents the Bad Boys of Comedy,[],0460667,False,,,0.0,[],,460667.0,tt0001833,en,The Poisoned Flume,"After the death of her husband, Mrs. Kendall found the management of the ranch, with its attendant responsibilities, a source of worry. Her daughter, recently returned from an Eastern boarding school, could not assist her and, although the cowboys in her employ were faithful, the ranch needed an executive head. John Morgan, a neighboring ranchman, had long cast envious eyes upon the widow's increasing herd of cattle, and desired to marry the daughter in order to obtain possession of her ranch. He offers to manage her affairs for her, but the widow distrusts him and refuses his offer.",0.6,/pByJeIGYPuT7zSfhFgj6Tleb6Zr.jpg,[],[],1911-08-13,0.0,10.0,[],Released,,,,The Poisoned Flume,False,0.0,0.0
117,HBO,Chris Rock: Kill the Messenger,[],1213574,,,,,,,,,,,,,,,,,,,,,34.0,The resource you requested could not be found.,,,,,
118,HBO,Temple Grandin,[],1278469,,,,,,,,,,,,,,,,,,,,,34.0,The resource you requested could not be found.,,,,,
119,HBO,Taking Chance,[],nan,,,,,,,,,,,,,,,,,,,,,34.0,The resource you requested could not be found.,,,,,
120,HBO,You Don't Know Jack,[u'Untitled Jack Kevorkian Project'],1132623,,,,,,,,,,,,,,,,,,,,,34.0,The resource you requested could not be found.,,,,,
121,HBO,Cinema Verite,[],nan,,,,,,,,,,,,,,,,,,,,,34.0,The resource you requested could not be found.,,,,,
122,HBO,Tracy Morgan: Black and Blue,[],nan,,,,,,,,,,,,,,,,,,,,,34.0,The resource you requested could not be found.,,,,,
123,HBO,Talking Funny,[],nan,,,,,,,,,,,,,,,,,,,,,34.0,The resource you requested could not be found.,,,,,
124,HBO,Lady Gaga Presents the Monster Ball Tour: At Madison Square Garden,[],nan,,,,,,,,,,,,,,,,,,,,,34.0,The resource you requested could not be found.,,,,,
125,HBO,Bill Maher: The Decider,[],nan,,,,,,,,,,,,,,,,,,,,,34.0,The resource you requested could not be found.,,,,,
126,HBO,Destino Deporte,[],nan,,,,,,,,,,,,,,,,,,,,,34.0,The resource you requested could not be found.,,,,,
127,HBO,Mandrake,[],0466351,False,/oYxuUwN1iecsErR6QGMvSPHg74y.jpg,,0.0,"[{'id': 18, 'name': 'Drama'}, {'id': 10751, 'name': 'Family'}]",http://www.koeniginvonniendorf.de/,466351.0,tt5976196,de,Königin von Niendorf,"The summer holidays have just begun in Brandenburg, but ten-year-old Lea isn’t going to camp this year with her friends as she normally would. One afternoon she spots five boys lifting a large blue oil barrel over the fence of a paint factory and driving away with their loot on a bicycle trailer. Lea's curiosity is piqued. The next chance she gets, she follows the boys and discovers they built a raft on a small lake. The raft is the boys' property and under no circumstances girls are allowed in their gang. But Lea wants to be part of it very badly and takes them up on a dare. Soon summer is full of adventure.",1.104,/iDgjoxjklo1pruZMtSM1wtMxZH6.jpg,"[{'id': 45489, 'logo_path': None, 'name': 'Lupa Film', 'origin_country': ''}, {'id': 120532, 'logo_path': None, 'name': 'Joya Thome Filmproduktion', 'origin_country': ''}]","[{'iso_3166_1': 'DE', 'name': 'Germany'}]",2017-01-24,0.0,67.0,"[{'iso_639_1': 'de', 'name': 'Deutsch'}]",Released,,,,Queen of Niendorf,False,7.6,7.0
128,HBO,Mujer de Fases,[],nan,,,,,,,,,,,,,,,,,,,,,34.0,The resource you requested could not be found.,,,,,
129,HBO,Angels in America,[u'Ingeri in America'],0318997,False,,,0.0,"[{'id': 14, 'name': 'Fantasy'}, {'id': 35, 'name': 'Comedy'}, {'id': 16, 'name': 'Animation'}]",,318997.0,tt1007934,fr,Le champion du jeu à la mode,"The film presents a drawing room meeting of enthusiastic puzzle workers. One gentleman has a new way of solving his puzzle. He puts a handkerchief over the game and immediately the picture is made. Under the handkerchief, we see how, piece by piece, it is put into one finished picture. His success makes him an object of envy, however, and the gentleman meets with considerable trouble before the party is over. (Moving Picture World)",0.6,/x9VAhP2vfAXhtlAYawE6RR9jQVy.jpg,"[{'id': 1342, 'logo_path': None, 'name': 'Société des Etablissements L. Gaumont', 'origin_country': ''}]","[{'iso_3166_1': 'FR', 'name': 'France'}]",1910-04-26,0.0,4.0,"[{'iso_639_1': 'xx', 'name': 'No Language'}]",Released,,,,The Master of a Fashionable Game,False,0.0,0.0
130,HBO,Parade's End,[],1956017,,,,,,,,,,,,,,,,,,,,,34.0,The resource you requested could not be found.,,,,,
131,HBO,Masterclass,[],nan,,,,,,,,,,,,,,,,,,,,,34.0,The resource you requested could not be found.,,,,,
132,HBO,Hijos del Carnaval,[],nan,,,,,,,,,,,,,,,,,,,,,34.0,The resource you requested could not be found.,,,,,
133,HBO,El Perro y el Gato,[],nan,,,,,,,,,,,,,,,,,,,,,34.0,The resource you requested could not be found.,,,,,
134,HBO,The Weight of the Nation for Kids,[],nan,,,,,,,,,,,,,,,,,,,,,34.0,The resource you requested could not be found.,,,,,
135,HBO,Witness,[u'Witness (2012)'],2475150,,,,,,,,,,,,,,,,,,,,,34.0,The resource you requested could not be found.,,,,,
136,HBO,2012 Rock and Roll Hall of Fame Induction Ceremony,[],nan,,,,,,,,,,,,,,,,,,,,,34.0,The resource you requested could not be found.,,,,,
137,HBO,No One Dies in Lily Dale,[],nan,,,,,,,,,,,,,,,,,,,,,34.0,The resource you requested could not be found.,,,,,
138,HBO,Jim Jefferies: I Swear to God,[],nan,,,,,,,,,,,,,,,,,,,,,34.0,The resource you requested could not be found.,,,,,
139,HBO,"George Lopez: It's Not Me, It's You",[],nan,,,,,,,,,,,,,,,,,,,,,34.0,The resource you requested could not be found.,,,,,
140,HBO,Single Long,[],nan,,,,,,,,,,,,,,,,,,,,,34.0,The resource you requested could not be found.,,,,,
141,HBO,Ricky Gervais: Out of England 2,[],nan,,,,,,,,,,,,,,,,,,,,,34.0,The resource you requested could not be found.,,,,,
142,HBO,The Pee-wee Herman Show on Broadway,[],1839648,,,,,,,,,,,,,,,,,,,,,34.0,The resource you requested could not be found.,,,,,
143,HBO,Mel Brooks Strikes Back,[],nan,,,,,,,,,,,,,,,,,,,,,34.0,The resource you requested could not be found.,,,,,
144,HBO,"George Lopez: Tall, Dark & Chicano",[],nan,,,,,,,,,,,,,,,,,,,,,34.0,The resource you requested could not be found.,,,,,
145,HBO,Brody Stevens: Enjoy It,[u'Brody Stevens: Enjoy It!'],2646374,,,,,,,,,,,,,,,,,,,,,34.0,The resource you requested could not be found.,,,,,
146,HBO,Alice Telefilm Part I: The First Day of the Rest of My Life,[],nan,,,,,,,,,,,,,,,,,,,,,34.0,The resource you requested could not be found.,,,,,
147,HBO,Celebrity Habla,[],nan,,,,,,,,,,,,,,,,,,,,,34.0,The resource you requested could not be found.,,,,,
148,HBO,Wanda Sykes: I'ma Be Me,[],nan,,,,,,,,,,,,,,,,,,,,,34.0,The resource you requested could not be found.,,,,,
149,HBO,Down At Fraggle Rock: Behind The Scenes,[],nan,,,,,,,,,,,,,,,,,,,,,34.0,The resource you requested could not be found.,,,,,
150,HBO,On Freddie Roach,[],2192539,,,,,,,,,,,,,,,,,,,,,34.0,The resource you requested could not be found.,,,,,
151,HBO,House of Saddam,[u'Between Two Rivers'],0936453,,,,,,,,,,,,,,,,,,,,,34.0,The resource you requested could not be found.,,,,,
152,HBO,Tenacious D,[],0388462,False,,,0.0,[],,388462.0,tt2046089,en,Ex Press,Two men take a train ride to find out the truth about their father.,0.6,/4UZbjDQOBq9UwaVvR9gMrERMeUv.jpg,[],[],2011-01-01,0.0,80.0,[],Released,,,,Ex Press,False,0.0,0.0
153,HBO,Jonah From Tonga,[],3431720,,,,,,,,,,,,,,,,,,,,,34.0,The resource you requested could not be found.,,,,,
154,HBO,The Weight of the Nation,[],2327631,,,,,,,,,,,,,,,,,,,,,34.0,The resource you requested could not be found.,,,,,
155,HBO,Foo Fighters: Sonic Highways,[u'Foo Fighters Sonic Highways'],3893538,,,,,,,,,,,,,,,,,,,,,34.0,The resource you requested could not be found.,,,,,
156,HBO,Autopsy,[],nan,,,,,,,,,,,,,,,,,,,,,34.0,The resource you requested could not be found.,,,,,
157,HBO,Olive Kitteridge,[],3012698,,,,,,,,,,,,,,,,,,,,,34.0,The resource you requested could not be found.,,,,,
158,HBO,The Concert for Valor,[],nan,,,,,,,,,,,,,,,,,,,,,34.0,The resource you requested could not be found.,,,,,
159,HBO,HBO,[],nan,,,,,,,,,,,,,,,,,,,,,34.0,The resource you requested could not be found.,,,,,
160,HBO,Saving My Tomorrow,[],nan,,,,,,,,,,,,,,,,,,,,,34.0,The resource you requested could not be found.,,,,,
161,HBO,Classical Baby,[],0466731,,,,,,,,,,,,,,,,,,,,,34.0,The resource you requested could not be found.,,,,,
162,HBO,The Jinx: Robert Durst,"[u'The Jinx', u'The Jinx: The Life and Deaths of Robert Durst']",4299972,,,,,,,,,,,,,,,,,,,,,34.0,The resource you requested could not be found.,,,,,
163,HBO,If God is Willing and Da Creek Don't Rise,[],1587373,,,,,,,,,,,,,,,,,,,,,34.0,The resource you requested could not be found.,,,,,
164,HBO,Habla,[],nan,,,,,,,,,,,,,,,,,,,,,34.0,The resource you requested could not be found.,,,,,
165,HBO,Sinatra: All or Nothing at All,[],3838978,,,,,,,,,,,,,,,,,,,,,34.0,The resource you requested could not be found.,,,,,
166,HBO,El Negocio,[],nan,,,,,,,,,,,,,,,,,,,,,34.0,The resource you requested could not be found.,,,,,
167,HBO,HDP,[],nan,,,,,,,,,,,,,,,,,,,,,34.0,The resource you requested could not be found.,,,,,
168,HBO,Yandel: Legacy,[],nan,,,,,,,,,,,,,,,,,,,,,34.0,The resource you requested could not be found.,,,,,
169,HBO,East of Main Street,[],nan,,,,,,,,,,,,,,,,,,,,,34.0,The resource you requested could not be found.,,,,,
170,HBO,HBO Comedy,[],nan,,,,,,,,,,,,,,,,,,,,,34.0,The resource you requested could not be found.,,,,,
171,HBO,2015 Rock and Roll Hall of Fame Induction Ceremony,[],nan,,,,,,,,,,,,,,,,,,,,,34.0,The resource you requested could not be found.,,,,,
172,HBO,LGBT on HBO,[],nan,,,,,,,,,,,,,,,,,,,,,34.0,The resource you requested could not be found.,,,,,
173,HBO,Show Me a Hero,[],2492296,,,,,,,,,,,,,,,,,,,,,34.0,The resource you requested could not be found.,,,,,
174,HBO,7 Days in Hell,[],nan,,,,,,,,,,,,,,,,,,,,,34.0,The resource you requested could not be found.,,,,,
175,Netflix,Lemony Snicket's A Series of Unfortunate Events,[u'A Series of Unfortunate Events'],4834206,,,,,,,,,,,,,,,,,,,,,34.0,The resource you requested could not be found.,,,,,
176,Netflix,Santa Clarita Diet,[],5580540,,,,,,,,,,,,,,,,,,,,,34.0,The resource you requested could not be found.,,,,,
177,Netflix,Marvel's Jessica Jones,"[u""Marvel's Jessica Jones"", u""Marvel's A.K.A. Jessica Jones""]",2357547,,,,,,,,,,,,,,,,,,,,,34.0,The resource you requested could not be found.,,,,,
178,Netflix,Stranger Things,[],4574334,,,,,,,,,,,,,,,,,,,,,34.0,The resource you requested could not be found.,,,,,
179,Netflix,Altered Carbon,[u'Altered Carbon - Das Unsterblichkeitsprogramm'],2261227,,,,,,,,,,,,,,,,,,,,,34.0,The resource you requested could not be found.,,,,,
180,Netflix,Orange Is the New Black,[],2372162,,,,,,,,,,,,,,,,,,,,,34.0,The resource you requested could not be found.,,,,,
181,Netflix,Love,[],4061080,,,,,,,,,,,,,,,,,,,,,34.0,The resource you requested could not be found.,,,,,
182,Netflix,Narcos,[],2707408,,,,,,,,,,,,,,,,,,,,,34.0,The resource you requested could not be found.,,,,,
183,Netflix,Marvel's The Punisher,[u'The Punisher'],5675620,,,,,,,,,,,,,,,,,,,,,34.0,The resource you requested could not be found.,,,,,
184,Netflix,Marvel's Daredevil,[u'Daredevil'],3322312,,,,,,,,,,,,,,,,,,,,,34.0,The resource you requested could not be found.,,,,,
185,Netflix,House of Cards,"[u'House of Cards (2013)', u'House of Cards (US)']",1856010,,,,,,,,,,,,,,,,,,,,,34.0,The resource you requested could not be found.,,,,,
186,Netflix,Mindhunter,[],5290382,,,,,,,,,,,,,,,,,,,,,34.0,The resource you requested could not be found.,,,,,
187,Netflix,Marcella,[],5269594,,,,,,,,,,,,,,,,,,,,,34.0,The resource you requested could not be found.,,,,,
188,Netflix,Grace and Frankie,[],3609352,,,,,,,,,,,,,,,,,,,,,34.0,The resource you requested could not be found.,,,,,
189,Netflix,Arrested Development,[],0367279,False,,,0.0,"[{'id': 18, 'name': 'Drama'}]",,367279.0,,tl,Mga Rebeldeng May Kaso,"Mga Rebeldeng May Kaso is about the aftermath of the so-called People Power Revolution of 1986, spawning a group of young dreamers bewildered, wonder, and wandering, discovering the fire of youth, the loss of innocence, the journey into the core of one’s being, immersing themselves in a brewing new alternative culture and a little known and lowly regarded revolution of sorts the emergence of a new underground, independent and alternative cinema.",0.6,/irtoX4yGxYwoZXl9BhYyhPRSbpQ.jpg,"[{'id': 19781, 'logo_path': None, 'name': 'Cinema One Originals', 'origin_country': 'PH'}]","[{'iso_3166_1': 'PH', 'name': 'Philippines'}]",2015-11-12,0.0,,"[{'iso_639_1': 'tl', 'name': ''}]",Released,,,,The Rebels with Cases,False,0.0,0.0
190,Netflix,Sense8,[u'Sense 8'],2431438,,,,,,,,,,,,,,,,,,,,,34.0,The resource you requested could not be found.,,,,,
191,Netflix,The Ranch,[u'The Ranch (2016)'],4998212,,,,,,,,,,,,,,,,,,,,,34.0,The resource you requested could not be found.,,,,,
192,Netflix,Marvel's Iron Fist,[u'Iron Fist'],3322310,,,,,,,,,,,,,,,,,,,,,34.0,The resource you requested could not be found.,,,,,
193,Netflix,BoJack Horseman,[],3398228,,,,,,,,,,,,,,,,,,,,,34.0,The resource you requested could not be found.,,,,,
194,Netflix,Unbreakable Kimmy Schmidt,[],3339966,,,,,,,,,,,,,,,,,,,,,34.0,The resource you requested could not be found.,,,,,
195,Netflix,G.L.O.W.,[u'GLOW'],5770786,,,,,,,,,,,,,,,,,,,,,34.0,The resource you requested could not be found.,,,,,
196,Netflix,Bloodline,[],3520702,,,,,,,,,,,,,,,,,,,,,34.0,The resource you requested could not be found.,,,,,
197,Netflix,One Day At A Time (2017),[u'One Day at a Time'],5339440,,,,,,,,,,,,,,,,,,,,,34.0,The resource you requested could not be found.,,,,,
198,Netflix,Master of None,[],4635276,,,,,,,,,,,,,,,,,,,,,34.0,The resource you requested could not be found.,,,,,
199,Netflix,Happy Valley,[],3428912,,,,,,,,,,,,,,,,,,,,,34.0,The resource you requested could not be found.,,,,,
200,Netflix,3%,[u'3 percent'],4922804,,,,,,,,,,,,,,,,,,,,,34.0,The resource you requested could not be found.,,,,,
201,Netflix,Hemlock Grove,[],2309295,,,,,,,,,,,,,,,,,,,,,34.0,The resource you requested could not be found.,,,,,
202,Netflix,Marco Polo,[u'Marco Polo (2014)'],2189461,,,,,,,,,,,,,,,,,,,,,34.0,The resource you requested could not be found.,,,,,
203,Netflix,F Is for Family,[],4326894,,,,,,,,,,,,,,,,,,,,,34.0,The resource you requested could not be found.,,,,,
204,Netflix,Friends From College,[],5565334,,,,,,,,,,,,,,,,,,,,,34.0,The resource you requested could not be found.,,,,,
205,Netflix,Flaked,[],4973548,,,,,,,,,,,,,,,,,,,,,34.0,The resource you requested could not be found.,,,,,
206,Netflix,Haters Back Off,[u'Haters Back Off!'],5467814,,,,,,,,,,,,,,,,,,,,,34.0,The resource you requested could not be found.,,,,,
207,Netflix,Degrassi: Next Class,[],5320160,,,,,,,,,,,,,,,,,,,,,34.0,The resource you requested could not be found.,,,,,
208,Netflix,Dope,[],7782022,,,,,,,,,,,,,,,,,,,,,34.0,The resource you requested could not be found.,,,,,
209,Netflix,Marseille,[],4003966,,,,,,,,,,,,,,,,,,,,,34.0,The resource you requested could not be found.,,,,,
210,Netflix,Wet Hot American Summer: First Day of Camp,"[u'Wet Hot American Summer: Ten Years Later', u'Wet Hot American Summer - Ten Years Later', u'Wet Hot American Summer']",4341500,,,,,,,,,,,,,,,,,,,,,34.0,The resource you requested could not be found.,,,,,
211,Netflix,Club de Cuervos,[],4680240,,,,,,,,,,,,,,,,,,,,,34.0,The resource you requested could not be found.,,,,,
